avg_loss,last_test,epoch,batch_idx,pres_num,maxn,train_perf
2.2421293,0.125,0,2,64,24,0.109375
2.2504554,0.125,0,4,128,24,0.09375
2.2144048,0.1171875,0,6,192,24,0.15625
2.0988848,0.1171875,0,8,256,24,0.125
2.286093,0.1171875,0,10,320,24,0.125
2.13565,0.125,0,12,384,24,0.109375
2.1373415,0.125,0,14,448,24,0.0625
2.1236868,0.125,1,2,576,24,0.125
2.188399,0.125,1,4,640,24,0.09375
2.1822615,0.125,1,6,704,24,0.140625
2.1524367,0.125,1,8,768,24,0.15625
2.086193,0.125,1,10,832,24,0.078125
2.1071904,0.125,1,12,896,24,0.140625
2.0855865,0.125,1,14,960,24,0.15625
2.0922074,0.125,2,2,1088,24,0.203125
2.109191,0.125,2,4,1152,24,0.171875
2.1078386,0.125,2,6,1216,24,0.125
2.0593448,0.125,2,8,1280,24,0.1875
2.0995955,0.125,2,10,1344,24,0.125
2.0925393,0.125,2,12,1408,24,0.109375
2.0676675,0.125,2,14,1472,24,0.171875
2.089353,0.125,3,2,1600,24,0.078125
2.0899115,0.125,3,4,1664,24,0.03125
2.0947423,0.125,3,6,1728,24,0.125
2.0563283,0.1171875,3,8,1792,24,0.203125
2.11166,0.125,3,10,1856,24,0.09375
2.1214883,0.125,3,12,1920,24,0.078125
2.0832884,0.125,3,14,1984,24,0.140625
2.0783548,0.140625,4,2,2112,24,0.125
2.079926,0.140625,4,4,2176,24,0.15625
2.0857415,0.140625,4,6,2240,24,0.125
2.0767782,0.140625,4,8,2304,24,0.15625
2.0706184,0.140625,4,10,2368,24,0.140625
2.0647855,0.140625,4,12,2432,24,0.125
2.0882256,0.171875,4,14,2496,24,0.140625
2.1218169,0.1640625,5,2,2624,24,0.109375
2.096979,0.15625,5,4,2688,24,0.109375
2.0706534,0.15625,5,6,2752,24,0.15625
2.070712,0.1640625,5,8,2816,24,0.140625
2.0635586,0.125,5,10,2880,24,0.140625
2.085662,0.125,5,12,2944,24,0.078125
2.028203,0.125,5,14,3008,24,0.1875
2.0910673,0.125,6,2,3136,24,0.125
2.0577135,0.125,6,4,3200,24,0.15625
2.0542617,0.125,6,6,3264,24,0.15625
2.1136322,0.125,6,8,3328,24,0.140625
2.1059742,0.125,6,10,3392,24,0.09375
2.101034,0.125,6,12,3456,24,0.09375
2.0650077,0.125,6,14,3520,24,0.15625
2.075194,0.125,7,2,3648,24,0.109375
2.021033,0.125,7,4,3712,24,0.21875
2.048972,0.125,7,6,3776,24,0.125
2.0952792,0.140625,7,8,3840,24,0.109375
2.077845,0.140625,7,10,3904,24,0.125
2.1151571,0.140625,7,12,3968,24,0.0625
2.056151,0.1484375,7,14,4032,24,0.171875
2.0629191,0.1484375,8,2,4160,24,0.140625
2.1131134,0.1484375,8,4,4224,24,0.09375
2.066929,0.1484375,8,6,4288,24,0.125
2.0709386,0.1484375,8,8,4352,24,0.1875
2.0567064,0.1328125,8,10,4416,24,0.140625
2.0785122,0.1328125,8,12,4480,24,0.15625
2.0719132,0.1328125,8,14,4544,24,0.171875
2.1055794,0.1484375,9,2,4672,24,0.078125
2.0756621,0.1484375,9,4,4736,24,0.140625
2.0354414,0.140625,9,6,4800,24,0.21875
2.0675323,0.140625,9,8,4864,24,0.140625
2.0711193,0.1484375,9,10,4928,24,0.171875
2.0467927,0.1484375,9,12,4992,24,0.171875
2.0813775,0.1328125,9,14,5056,24,0.140625
2.0978723,0.125,10,2,5184,24,0.03125
2.0486412,0.1328125,10,4,5248,24,0.140625
2.0471363,0.1484375,10,6,5312,24,0.125
2.05966,0.1484375,10,8,5376,24,0.140625
2.0855532,0.125,10,10,5440,24,0.109375
2.074512,0.125,10,12,5504,24,0.125
2.1044116,0.125,10,14,5568,24,0.140625
2.0563524,0.125,11,2,5696,24,0.109375
2.0850616,0.1328125,11,4,5760,24,0.078125
2.0710447,0.140625,11,6,5824,24,0.15625
2.0763474,0.140625,11,8,5888,24,0.109375
2.0600667,0.1328125,11,10,5952,24,0.15625
2.089878,0.140625,11,12,6016,24,0.203125
2.0712938,0.1328125,11,14,6080,24,0.171875
2.1070766,0.125,12,2,6208,24,0.09375
2.0841198,0.125,12,4,6272,24,0.078125
2.090606,0.125,12,6,6336,24,0.171875
2.0224686,0.125,12,8,6400,24,0.15625
2.0241168,0.125,12,10,6464,24,0.15625
2.0806644,0.125,12,12,6528,24,0.125
2.0696917,0.125,12,14,6592,24,0.171875
2.0761616,0.125,13,2,6720,24,0.1875
2.0591884,0.125,13,4,6784,24,0.15625
2.0939245,0.125,13,6,6848,24,0.171875
2.0868382,0.125,13,8,6912,24,0.140625
2.0769515,0.125,13,10,6976,24,0.09375
2.0744724,0.125,13,12,7040,24,0.078125
2.0422797,0.125,13,14,7104,24,0.203125
2.045475,0.125,14,2,7232,24,0.203125
2.075091,0.125,14,4,7296,24,0.15625
2.0391672,0.125,14,6,7360,24,0.15625
2.0115857,0.125,14,8,7424,24,0.140625
2.0411057,0.125,14,10,7488,24,0.1875
2.103036,0.125,14,12,7552,24,0.140625
2.1242323,0.125,14,14,7616,24,0.125
2.02351,0.125,15,2,7744,24,0.234375
2.0316334,0.125,15,4,7808,24,0.25
2.1107678,0.125,15,6,7872,24,0.109375
2.0712638,0.125,15,8,7936,24,0.109375
2.0610113,0.125,15,10,8000,24,0.09375
2.0980039,0.125,15,12,8064,24,0.125
2.0936732,0.125,15,14,8128,24,0.140625
2.0427299,0.1328125,16,2,8256,24,0.09375
2.058565,0.15625,16,4,8320,24,0.09375
2.1327682,0.15625,16,6,8384,24,0.046875
2.054991,0.1640625,16,8,8448,24,0.203125
2.0305643,0.1640625,16,10,8512,24,0.1875
2.0794184,0.1640625,16,12,8576,24,0.234375
2.042826,0.1640625,16,14,8640,24,0.140625
2.0238152,0.140625,17,2,8768,24,0.1875
2.0357268,0.140625,17,4,8832,24,0.21875
2.1075542,0.140625,17,6,8896,24,0.09375
2.086363,0.140625,17,8,8960,24,0.171875
2.0880978,0.1484375,17,10,9024,24,0.125
2.093193,0.1484375,17,12,9088,24,0.140625
2.078144,0.1484375,17,14,9152,24,0.0625
2.0690322,0.171875,18,2,9280,24,0.21875
2.0631313,0.1484375,18,4,9344,24,0.125
2.101319,0.15625,18,6,9408,24,0.09375
2.0705009,0.1484375,18,8,9472,24,0.21875
2.0497417,0.125,18,10,9536,24,0.15625
2.054758,0.125,18,12,9600,24,0.15625
2.0759883,0.125,18,14,9664,24,0.140625
2.0298207,0.1171875,19,2,9792,24,0.140625
2.0814328,0.125,19,4,9856,24,0.140625
2.0647712,0.125,19,6,9920,24,0.125
2.042561,0.125,19,8,9984,24,0.140625
2.076177,0.171875,19,10,10048,24,0.140625
2.0664732,0.171875,19,12,10112,24,0.21875
2.0871172,0.1640625,19,14,10176,24,0.15625
2.048616,0.1484375,20,2,10304,24,0.140625
2.0396655,0.125,20,4,10368,24,0.15625
2.0785892,0.1171875,20,6,10432,24,0.140625
2.0739026,0.125,20,8,10496,24,0.140625
2.0502157,0.1328125,20,10,10560,24,0.1875
2.0340815,0.140625,20,12,10624,24,0.140625
2.065897,0.140625,20,14,10688,24,0.078125
2.0366168,0.140625,21,2,10816,24,0.1875
2.073142,0.140625,21,4,10880,24,0.15625
2.0543876,0.140625,21,6,10944,24,0.171875
2.0787425,0.140625,21,8,11008,24,0.15625
2.0539386,0.140625,21,10,11072,24,0.203125
2.106597,0.140625,21,12,11136,24,0.0625
2.093402,0.140625,21,14,11200,24,0.09375
2.054998,0.140625,22,2,11328,24,0.109375
2.0768216,0.15625,22,4,11392,24,0.125
2.0813286,0.15625,22,6,11456,24,0.234375
2.094902,0.1640625,22,8,11520,24,0.09375
2.0144205,0.1640625,22,10,11584,24,0.125
2.0809233,0.1640625,22,12,11648,24,0.109375
2.0561063,0.1640625,22,14,11712,24,0.21875
2.0462174,0.1484375,23,2,11840,24,0.171875
2.099669,0.1484375,23,4,11904,24,0.15625
2.036398,0.1484375,23,6,11968,24,0.171875
2.0682817,0.1484375,23,8,12032,24,0.078125
2.0876663,0.1484375,23,10,12096,24,0.09375
2.08681,0.140625,23,12,12160,24,0.140625
2.0663474,0.140625,23,14,12224,24,0.09375
2.0670629,0.1328125,24,2,12352,24,0.125
2.1031766,0.125,24,4,12416,24,0.125
2.066959,0.125,24,6,12480,24,0.25
2.0914614,0.140625,24,8,12544,24,0.140625
2.042148,0.140625,24,10,12608,24,0.1875
2.0560977,0.140625,24,12,12672,24,0.109375
2.034698,0.1484375,24,14,12736,24,0.25
2.051215,0.125,25,2,12864,24,0.140625
2.0796947,0.125,25,4,12928,24,0.171875
2.061331,0.125,25,6,12992,24,0.140625
2.0599437,0.125,25,8,13056,24,0.203125
2.1020775,0.125,25,10,13120,24,0.09375
2.0174642,0.125,25,12,13184,24,0.1875
2.0491638,0.125,25,14,13248,24,0.171875
2.0533826,0.125,26,2,13376,24,0.171875
2.087163,0.125,26,4,13440,24,0.15625
2.023196,0.125,26,6,13504,24,0.15625
2.0486016,0.1171875,26,8,13568,24,0.109375
2.0192018,0.125,26,10,13632,24,0.203125
2.0888367,0.125,26,12,13696,24,0.109375
2.0600772,0.125,26,14,13760,24,0.1875
2.0764334,0.125,27,2,13888,24,0.109375
2.0391898,0.125,27,4,13952,24,0.21875
2.0742435,0.125,27,6,14016,24,0.09375
2.069036,0.125,27,8,14080,24,0.125
2.0244336,0.125,27,10,14144,24,0.171875
2.031806,0.125,27,12,14208,24,0.234375
2.0642738,0.125,27,14,14272,24,0.15625
2.0571754,0.125,28,2,14400,24,0.109375
2.0523467,0.125,28,4,14464,24,0.171875
2.0579085,0.125,28,6,14528,24,0.171875
2.080413,0.140625,28,8,14592,24,0.203125
2.0877628,0.140625,28,10,14656,24,0.0625
2.0675092,0.140625,28,12,14720,24,0.15625
2.0553534,0.140625,28,14,14784,24,0.109375
2.075758,0.140625,29,2,14912,24,0.078125
2.071535,0.140625,29,4,14976,24,0.171875
2.0736494,0.140625,29,6,15040,24,0.15625
2.0588517,0.15625,29,8,15104,24,0.109375
2.0517879,0.1484375,29,10,15168,24,0.1875
2.072165,0.15625,29,12,15232,24,0.0625
2.0984378,0.140625,29,14,15296,24,0.125
2.075086,0.140625,30,2,15424,24,0.078125
2.0201852,0.140625,30,4,15488,24,0.1875
2.0771203,0.125,30,6,15552,24,0.15625
2.049428,0.125,30,8,15616,24,0.15625
2.0631332,0.125,30,10,15680,24,0.109375
2.0386567,0.125,30,12,15744,24,0.234375
2.0843654,0.125,30,14,15808,24,0.1875
2.053193,0.125,31,2,15936,24,0.15625
2.0792592,0.125,31,4,16000,24,0.125
2.0309463,0.125,31,6,16064,24,0.09375
2.106935,0.125,31,8,16128,24,0.078125
2.0670626,0.1328125,31,10,16192,24,0.25
2.0409675,0.1328125,31,12,16256,24,0.140625
2.0636864,0.1328125,31,14,16320,24,0.15625
2.082932,0.140625,32,2,16448,24,0.0625
2.063046,0.1328125,32,4,16512,24,0.140625
2.072398,0.1328125,32,6,16576,24,0.109375
2.0378163,0.1328125,32,8,16640,24,0.171875
2.0702262,0.1328125,32,10,16704,24,0.171875
2.0284798,0.1328125,32,12,16768,24,0.28125
2.0617464,0.125,32,14,16832,24,0.15625
2.0403695,0.125,33,2,16960,24,0.234375
2.1050677,0.125,33,4,17024,24,0.15625
2.0738444,0.125,33,6,17088,24,0.140625
2.0520153,0.125,33,8,17152,24,0.171875
2.0442574,0.125,33,10,17216,24,0.15625
2.0627928,0.125,33,12,17280,24,0.09375
2.060711,0.125,33,14,17344,24,0.171875
2.0894191,0.125,34,2,17472,24,0.125
2.0619793,0.125,34,4,17536,24,0.09375
2.0945864,0.1328125,34,6,17600,24,0.1875
2.0294633,0.1171875,34,8,17664,24,0.203125
2.045743,0.1171875,34,10,17728,24,0.109375
2.0555751,0.1171875,34,12,17792,24,0.09375
2.0399098,0.1171875,34,14,17856,24,0.15625
2.0780072,0.1171875,35,2,17984,24,0.15625
2.1010056,0.125,35,4,18048,24,0.125
2.086442,0.1328125,35,6,18112,24,0.125
1.9918778,0.1328125,35,8,18176,24,0.15625
2.077089,0.1328125,35,10,18240,24,0.109375
2.0746794,0.1328125,35,12,18304,24,0.171875
2.0607152,0.1328125,35,14,18368,24,0.140625
2.117529,0.1328125,36,2,18496,24,0.078125
2.0366654,0.1171875,36,4,18560,24,0.21875
2.0647688,0.1171875,36,6,18624,24,0.15625
2.0537095,0.1171875,36,8,18688,24,0.171875
2.0268052,0.1171875,36,10,18752,24,0.15625
2.0186338,0.125,36,12,18816,24,0.1875
2.0847073,0.125,36,14,18880,24,0.09375
2.0853415,0.125,37,2,19008,24,0.15625
2.0027237,0.125,37,4,19072,24,0.21875
2.073322,0.125,37,6,19136,24,0.140625
2.0699177,0.125,37,8,19200,24,0.15625
2.0564928,0.1171875,37,10,19264,24,0.171875
2.064491,0.1171875,37,12,19328,24,0.171875
2.0760026,0.1171875,37,14,19392,24,0.109375
2.0782855,0.1171875,38,2,19520,24,0.125
2.0524545,0.1171875,38,4,19584,24,0.125
2.0847273,0.1171875,38,6,19648,24,0.171875
2.003386,0.1171875,38,8,19712,24,0.203125
2.1313937,0.125,38,10,19776,24,0.140625
2.0582008,0.1171875,38,12,19840,24,0.1875
2.0255857,0.1171875,38,14,19904,24,0.171875
2.0656538,0.1171875,39,2,20032,24,0.203125
2.0456092,0.1171875,39,4,20096,24,0.125
2.0424666,0.1171875,39,6,20160,24,0.203125
2.124309,0.1171875,39,8,20224,24,0.140625
2.0173745,0.1171875,39,10,20288,24,0.203125
2.0943165,0.1171875,39,12,20352,24,0.140625
2.0433989,0.1171875,39,14,20416,24,0.140625
1.9945617,0.1171875,40,2,20544,24,0.1875
2.0739136,0.1171875,40,4,20608,24,0.21875
2.0548244,0.1171875,40,6,20672,24,0.171875
2.0389764,0.125,40,8,20736,24,0.203125
2.072102,0.125,40,10,20800,24,0.171875
2.103108,0.1171875,40,12,20864,24,0.09375
2.0871456,0.1171875,40,14,20928,24,0.140625
2.0436296,0.140625,41,2,21056,24,0.109375
2.0563302,0.140625,41,4,21120,24,0.234375
2.085778,0.140625,41,6,21184,24,0.140625
2.0731237,0.140625,41,8,21248,24,0.1875
2.0750637,0.140625,41,10,21312,24,0.1875
2.0417235,0.140625,41,12,21376,24,0.203125
2.079259,0.140625,41,14,21440,24,0.140625
2.0571551,0.140625,42,2,21568,24,0.21875
2.0161881,0.125,42,4,21632,24,0.21875
2.0909271,0.140625,42,6,21696,24,0.140625
2.0937004,0.140625,42,8,21760,24,0.125
2.0610027,0.140625,42,10,21824,24,0.09375
2.0668135,0.140625,42,12,21888,24,0.203125
2.0328104,0.140625,42,14,21952,24,0.234375
2.03173,0.140625,43,2,22080,24,0.203125
2.0854607,0.140625,43,4,22144,24,0.171875
2.04816,0.140625,43,6,22208,24,0.21875
2.0449386,0.140625,43,8,22272,24,0.140625
2.0581775,0.1171875,43,10,22336,24,0.21875
2.0633855,0.1171875,43,12,22400,24,0.125
2.100038,0.1171875,43,14,22464,24,0.0625
2.0388184,0.1171875,44,2,22592,24,0.203125
2.0425518,0.1171875,44,4,22656,24,0.234375
2.0553446,0.1171875,44,6,22720,24,0.15625
2.0498626,0.1171875,44,8,22784,24,0.1875
2.0635452,0.1171875,44,10,22848,24,0.140625
2.0803592,0.140625,44,12,22912,24,0.078125
2.0899262,0.140625,44,14,22976,24,0.171875
2.0860066,0.140625,45,2,23104,24,0.09375
2.0425308,0.140625,45,4,23168,24,0.140625
2.0836768,0.140625,45,6,23232,24,0.125
2.113649,0.140625,45,8,23296,24,0.09375
2.0453176,0.140625,45,10,23360,24,0.1875
1.9905429,0.140625,45,12,23424,24,0.296875
2.0583153,0.140625,45,14,23488,24,0.09375
2.0517597,0.140625,46,2,23616,24,0.1875
2.0523374,0.140625,46,4,23680,24,0.203125
2.0586176,0.140625,46,6,23744,24,0.1875
2.0586226,0.140625,46,8,23808,24,0.203125
2.093357,0.140625,46,10,23872,24,0.15625
2.0651932,0.140625,46,12,23936,24,0.125
2.0113153,0.140625,46,14,24000,24,0.1875
2.026897,0.140625,47,2,24128,24,0.171875
2.0699975,0.140625,47,4,24192,24,0.109375
2.08899,0.1171875,47,6,24256,24,0.15625
2.056037,0.1171875,47,8,24320,24,0.171875
2.0331569,0.1171875,47,10,24384,24,0.140625
2.022294,0.125,47,12,24448,24,0.171875
2.1208043,0.125,0,2,64,24,0.140625
2.167717,0.1328125,0,4,128,24,0.125
2.2273142,0.1171875,0,6,192,24,0.078125
2.131734,0.109375,0,8,256,24,0.1875
2.105473,0.109375,0,10,320,24,0.140625
2.1021397,0.140625,0,12,384,24,0.125
2.0932834,0.1328125,0,14,448,24,0.125
2.116715,0.125,1,2,576,24,0.15625
2.1625128,0.125,1,4,640,24,0.078125
2.0980544,0.1328125,1,6,704,24,0.109375
2.1220145,0.1484375,1,8,768,24,0.15625
2.1056929,0.15625,1,10,832,24,0.15625
2.1080763,0.1328125,1,12,896,24,0.109375
2.1517663,0.140625,1,14,960,24,0.125
2.0983377,0.140625,2,2,1088,24,0.125
2.0995107,0.140625,2,4,1152,24,0.15625
2.1234136,0.1484375,2,6,1216,24,0.171875
2.1192334,0.1484375,2,8,1280,24,0.109375
2.119687,0.15625,2,10,1344,24,0.125
2.0677052,0.15625,2,12,1408,24,0.140625
2.0405273,0.15625,2,14,1472,24,0.203125
2.1658216,0.1484375,3,2,1600,24,0.03125
2.0958028,0.1484375,3,4,1664,24,0.078125
2.0669105,0.140625,3,6,1728,24,0.109375
2.1162498,0.1328125,3,8,1792,24,0.109375
2.0630007,0.1328125,3,10,1856,24,0.1875
2.1433992,0.1328125,3,12,1920,24,0.078125
2.094133,0.1484375,3,14,1984,24,0.171875
2.063946,0.1484375,4,2,2112,24,0.15625
2.0339928,0.140625,4,4,2176,24,0.171875
2.088981,0.1328125,4,6,2240,24,0.109375
2.108428,0.140625,4,8,2304,24,0.140625
2.0783076,0.140625,4,10,2368,24,0.171875
2.0943048,0.140625,4,12,2432,24,0.09375
2.0672803,0.140625,4,14,2496,24,0.140625
2.0882971,0.140625,5,2,2624,24,0.0625
2.10149,0.1328125,5,4,2688,24,0.109375
2.1108875,0.1015625,5,6,2752,24,0.109375
2.055314,0.125,5,8,2816,24,0.171875
2.0805387,0.125,5,10,2880,24,0.140625
2.084062,0.125,5,12,2944,24,0.125
2.0769203,0.1328125,5,14,3008,24,0.09375
2.119618,0.1328125,6,2,3136,24,0.09375
2.0818222,0.1328125,6,4,3200,24,0.109375
2.0932205,0.1328125,6,6,3264,24,0.234375
2.0779085,0.140625,6,8,3328,24,0.203125
2.069841,0.15625,6,10,3392,24,0.140625
1.996799,0.1484375,6,12,3456,24,0.203125
2.0699682,0.15625,6,14,3520,24,0.109375
2.067358,0.140625,7,2,3648,24,0.15625
2.0622034,0.1484375,7,4,3712,24,0.15625
2.0786233,0.1484375,7,6,3776,24,0.109375
2.0925279,0.1328125,7,8,3840,24,0.125
2.0736632,0.1484375,7,10,3904,24,0.1875
2.091578,0.1328125,7,12,3968,24,0.15625
2.0905612,0.1328125,7,14,4032,24,0.140625
2.0552602,0.1171875,8,2,4160,24,0.1875
2.072963,0.140625,8,4,4224,24,0.125
2.0663009,0.1171875,8,6,4288,24,0.15625
2.0871491,0.125,8,8,4352,24,0.109375
2.1074867,0.1171875,8,10,4416,24,0.09375
2.0578814,0.125,8,12,4480,24,0.140625
2.088329,0.15625,8,14,4544,24,0.109375
2.0702834,0.1640625,9,2,4672,24,0.140625
2.05401,0.1640625,9,4,4736,24,0.125
2.0211716,0.1640625,9,6,4800,24,0.203125
2.0697985,0.15625,9,8,4864,24,0.1875
2.0469403,0.1796875,9,10,4928,24,0.203125
2.1314218,0.1796875,9,12,4992,24,0.046875
2.1203153,0.1640625,9,14,5056,24,0.109375
2.0437393,0.1640625,10,2,5184,24,0.140625
2.0724044,0.1640625,10,4,5248,24,0.15625
2.096607,0.1640625,10,6,5312,24,0.109375
2.076515,0.15625,10,8,5376,24,0.109375
2.0876243,0.1640625,10,10,5440,24,0.109375
2.0883565,0.15625,10,12,5504,24,0.09375
2.0848446,0.1015625,10,14,5568,24,0.0625
2.043505,0.1015625,11,2,5696,24,0.171875
2.0823145,0.1015625,11,4,5760,24,0.15625
2.0840938,0.109375,11,6,5824,24,0.09375
2.0658512,0.125,11,8,5888,24,0.109375
2.0920596,0.109375,11,10,5952,24,0.078125
2.035333,0.125,11,12,6016,24,0.15625
2.0795245,0.1171875,11,14,6080,24,0.1875
2.0671306,0.0859375,12,2,6208,24,0.09375
2.00343,0.125,12,4,6272,24,0.3125
2.0874763,0.1484375,12,6,6336,24,0.109375
2.0758522,0.15625,12,8,6400,24,0.15625
2.0627556,0.1640625,12,10,6464,24,0.171875
2.0701084,0.1640625,12,12,6528,24,0.234375
2.1324482,0.15625,12,14,6592,24,0.078125
2.0530396,0.171875,13,2,6720,24,0.171875
2.0693233,0.1640625,13,4,6784,24,0.140625
2.0591521,0.1484375,13,6,6848,24,0.109375
2.0623398,0.1484375,13,8,6912,24,0.125
2.0836835,0.1328125,13,10,6976,24,0.078125
2.0347867,0.1328125,13,12,7040,24,0.140625
2.0755424,0.109375,13,14,7104,24,0.109375
2.0705433,0.140625,14,2,7232,24,0.140625
2.0444183,0.125,14,4,7296,24,0.15625
2.1035776,0.1484375,14,6,7360,24,0.09375
2.0531638,0.140625,14,8,7424,24,0.171875
2.096489,0.15625,14,10,7488,24,0.109375
2.0736618,0.1640625,14,12,7552,24,0.078125
2.0782104,0.1640625,14,14,7616,24,0.109375
2.0506892,0.1640625,15,2,7744,24,0.140625
2.0853524,0.1640625,15,4,7808,24,0.125
2.0743394,0.1640625,15,6,7872,24,0.1875
2.050261,0.15625,15,8,7936,24,0.15625
2.0485415,0.15625,15,10,8000,24,0.125
2.1162863,0.15625,15,12,8064,24,0.125
2.0931702,0.1484375,15,14,8128,24,0.0625
2.1033545,0.125,16,2,8256,24,0.09375
2.0321727,0.125,16,4,8320,24,0.21875
2.0785944,0.1328125,16,6,8384,24,0.140625
2.059907,0.1328125,16,8,8448,24,0.140625
2.0560985,0.1328125,16,10,8512,24,0.15625
2.0736365,0.1328125,16,12,8576,24,0.140625
2.0491085,0.125,16,14,8640,24,0.109375
2.0325265,0.1015625,17,2,8768,24,0.28125
2.110208,0.1171875,17,4,8832,24,0.125
2.0297017,0.125,17,6,8896,24,0.140625
2.0787811,0.1171875,17,8,8960,24,0.171875
2.0719717,0.125,17,10,9024,24,0.140625
2.0422182,0.1640625,17,12,9088,24,0.140625
2.103284,0.140625,17,14,9152,24,0.078125
2.0280404,0.1484375,18,2,9280,24,0.09375
2.0737767,0.1484375,18,4,9344,24,0.109375
2.0756655,0.1484375,18,6,9408,24,0.171875
2.0822864,0.140625,18,8,9472,24,0.109375
2.069078,0.140625,18,10,9536,24,0.15625
2.0633535,0.1484375,18,12,9600,24,0.15625
2.0924702,0.15625,18,14,9664,24,0.125
2.0727077,0.140625,19,2,9792,24,0.203125
2.0981011,0.15625,19,4,9856,24,0.1875
2.0743983,0.15625,19,6,9920,24,0.1875
2.046713,0.1640625,19,8,9984,24,0.15625
2.0709715,0.1640625,19,10,10048,24,0.1875
2.1000924,0.15625,19,12,10112,24,0.140625
2.035519,0.15625,19,14,10176,24,0.171875
2.1059191,0.1484375,20,2,10304,24,0.109375
2.0489316,0.1484375,20,4,10368,24,0.140625
2.0513933,0.140625,20,6,10432,24,0.1875
2.0682487,0.1328125,20,8,10496,24,0.109375
2.0709252,0.125,20,10,10560,24,0.125
2.0972514,0.125,20,12,10624,24,0.140625
2.0691798,0.109375,20,14,10688,24,0.109375
2.0822456,0.125,21,2,10816,24,0.109375
2.0663452,0.1328125,21,4,10880,24,0.15625
2.0575519,0.1171875,21,6,10944,24,0.140625
2.0972147,0.1171875,21,8,11008,24,0.109375
2.0846624,0.125,21,10,11072,24,0.09375
2.07876,0.1328125,21,12,11136,24,0.125
2.05513,0.15625,21,14,11200,24,0.203125
2.0601425,0.1484375,22,2,11328,24,0.15625
2.056461,0.15625,22,4,11392,24,0.15625
2.0809536,0.15625,22,6,11456,24,0.203125
2.0460143,0.15625,22,8,11520,24,0.15625
2.0524535,0.15625,22,10,11584,24,0.171875
2.0716772,0.15625,22,12,11648,24,0.203125
2.080215,0.171875,22,14,11712,24,0.109375
2.0275397,0.1640625,23,2,11840,24,0.203125
2.0399861,0.1484375,23,4,11904,24,0.15625
2.0854473,0.1484375,23,6,11968,24,0.125
2.0985456,0.1484375,23,8,12032,24,0.09375
2.057273,0.1640625,23,10,12096,24,0.140625
2.1056323,0.1640625,23,12,12160,24,0.125
2.0399508,0.15625,23,14,12224,24,0.15625
2.0541072,0.1875,24,2,12352,24,0.09375
2.07621,0.1484375,24,4,12416,24,0.125
2.0803056,0.15625,24,6,12480,24,0.09375
2.0814083,0.15625,24,8,12544,24,0.21875
2.0665994,0.1484375,24,10,12608,24,0.140625
2.1046662,0.1484375,24,12,12672,24,0.140625
2.0344403,0.1640625,24,14,12736,24,0.203125
2.0435739,0.125,25,2,12864,24,0.15625
2.1070867,0.140625,25,4,12928,24,0.109375
2.0455709,0.140625,25,6,12992,24,0.203125
2.0774732,0.1171875,25,8,13056,24,0.125
2.0584831,0.15625,25,10,13120,24,0.09375
2.0422354,0.1328125,25,12,13184,24,0.15625
2.0917995,0.15625,25,14,13248,24,0.09375
2.0911236,0.1484375,26,2,13376,24,0.078125
2.066409,0.1484375,26,4,13440,24,0.140625
2.064193,0.171875,26,6,13504,24,0.203125
2.043242,0.1640625,26,8,13568,24,0.140625
2.0873857,0.1875,26,10,13632,24,0.09375
2.0874262,0.15625,26,12,13696,24,0.078125
2.02453,0.1484375,26,14,13760,24,0.171875
2.0936003,0.171875,27,2,13888,24,0.15625
2.0674577,0.171875,27,4,13952,24,0.109375
2.061275,0.1640625,27,6,14016,24,0.171875
2.030045,0.1640625,27,8,14080,24,0.265625
2.0726209,0.1640625,27,10,14144,24,0.078125
2.0469213,0.171875,27,12,14208,24,0.125
2.077273,0.1796875,27,14,14272,24,0.140625
2.0975523,0.15625,28,2,14400,24,0.171875
2.075902,0.15625,28,4,14464,24,0.109375
2.0791047,0.15625,28,6,14528,24,0.125
2.052847,0.1484375,28,8,14592,24,0.125
2.0428767,0.1484375,28,10,14656,24,0.140625
2.0747035,0.140625,28,12,14720,24,0.140625
2.091958,0.1171875,28,14,14784,24,0.203125
2.0432448,0.1171875,29,2,14912,24,0.15625
2.067099,0.1171875,29,4,14976,24,0.125
2.0708952,0.109375,29,6,15040,24,0.1875
2.044761,0.109375,29,8,15104,24,0.1875
2.0680268,0.125,29,10,15168,24,0.15625
2.0813947,0.1328125,29,12,15232,24,0.09375
2.057705,0.125,29,14,15296,24,0.15625
2.0935254,0.140625,30,2,15424,24,0.140625
2.0705621,0.125,30,4,15488,24,0.15625
2.0376983,0.1640625,30,6,15552,24,0.21875
2.0708547,0.1640625,30,8,15616,24,0.171875
2.0632029,0.1640625,30,10,15680,24,0.109375
2.0302358,0.1640625,30,12,15744,24,0.1875
2.0412476,0.171875,30,14,15808,24,0.25
2.0337462,0.1484375,31,2,15936,24,0.109375
2.0609243,0.1484375,31,4,16000,24,0.15625
2.1060646,0.15625,31,6,16064,24,0.0625
2.034069,0.140625,31,8,16128,24,0.21875
2.0903473,0.1328125,31,10,16192,24,0.125
2.0710945,0.125,31,12,16256,24,0.046875
2.0774612,0.125,31,14,16320,24,0.140625
2.1092699,0.125,32,2,16448,24,0.125
2.086316,0.1640625,32,4,16512,24,0.21875
2.050222,0.15625,32,6,16576,24,0.15625
2.0581,0.1796875,32,8,16640,24,0.140625
2.0730977,0.1796875,32,10,16704,24,0.109375
2.048605,0.1796875,32,12,16768,24,0.125
2.0115032,0.1484375,32,14,16832,24,0.125
2.0263913,0.1484375,33,2,16960,24,0.203125
2.057056,0.15625,33,4,17024,24,0.171875
2.077444,0.15625,33,6,17088,24,0.203125
2.100606,0.15625,33,8,17152,24,0.09375
2.0664246,0.1640625,33,10,17216,24,0.171875
2.0724597,0.1640625,33,12,17280,24,0.1875
2.0670278,0.1640625,33,14,17344,24,0.078125
2.0498772,0.1640625,34,2,17472,24,0.15625
2.0640159,0.1484375,34,4,17536,24,0.171875
2.0920086,0.1484375,34,6,17600,24,0.109375
2.077665,0.1484375,34,8,17664,24,0.078125
2.09607,0.1328125,34,10,17728,24,0.109375
2.0868828,0.1328125,34,12,17792,24,0.140625
2.0024834,0.1171875,34,14,17856,24,0.21875
2.1028407,0.1484375,35,2,17984,24,0.125
2.0848432,0.1484375,35,4,18048,24,0.1875
2.052176,0.15625,35,6,18112,24,0.25
2.0658367,0.1484375,35,8,18176,24,0.140625
2.0668669,0.140625,35,10,18240,24,0.15625
2.0796041,0.1328125,35,12,18304,24,0.109375
2.017158,0.140625,35,14,18368,24,0.140625
2.0562725,0.09375,36,2,18496,24,0.15625
2.073944,0.1015625,36,4,18560,24,0.140625
2.0241907,0.09375,36,6,18624,24,0.140625
2.0451913,0.1015625,36,8,18688,24,0.109375
2.0634744,0.109375,36,10,18752,24,0.109375
2.0758138,0.1484375,36,12,18816,24,0.078125
2.069049,0.1484375,36,14,18880,24,0.171875
2.0343323,0.1484375,37,2,19008,24,0.171875
2.0481892,0.1484375,37,4,19072,24,0.109375
2.0567136,0.1484375,37,6,19136,24,0.203125
2.0462103,0.15625,37,8,19200,24,0.1875
2.0517998,0.1484375,37,10,19264,24,0.140625
2.0877,0.1484375,37,12,19328,24,0.21875
2.059509,0.1328125,37,14,19392,24,0.1875
2.0395064,0.1484375,38,2,19520,24,0.1875
2.040655,0.15625,38,4,19584,24,0.21875
1.9961735,0.140625,38,6,19648,24,0.1875
2.0645962,0.140625,38,8,19712,24,0.171875
2.0401013,0.1484375,38,10,19776,24,0.171875
2.0768178,0.15625,38,12,19840,24,0.125
2.0942557,0.1484375,38,14,19904,24,0.125
2.0472705,0.15625,39,2,20032,24,0.125
2.0477567,0.15625,39,4,20096,24,0.109375
2.1053662,0.1640625,39,6,20160,24,0.15625
2.047452,0.171875,39,8,20224,24,0.171875
2.070364,0.171875,39,10,20288,24,0.15625
2.0392346,0.171875,39,12,20352,24,0.140625
2.0833998,0.171875,39,14,20416,24,0.109375
2.0511925,0.1484375,40,2,20544,24,0.109375
2.037025,0.1640625,40,4,20608,24,0.21875
2.0921016,0.1796875,40,6,20672,24,0.15625
2.0466537,0.1796875,40,8,20736,24,0.171875
2.0787096,0.15625,40,10,20800,24,0.140625
2.0251417,0.15625,40,12,20864,24,0.15625
2.0870328,0.140625,40,14,20928,24,0.125
2.055945,0.1328125,41,2,21056,24,0.15625
2.0679436,0.125,41,4,21120,24,0.234375
2.067124,0.125,41,6,21184,24,0.15625
2.0654478,0.125,41,8,21248,24,0.15625
2.0547566,0.125,41,10,21312,24,0.15625
2.0591621,0.1640625,41,12,21376,24,0.21875
2.0494661,0.1640625,41,14,21440,24,0.203125
2.050726,0.1484375,42,2,21568,24,0.171875
2.053326,0.15625,42,4,21632,24,0.25
2.0667162,0.15625,42,6,21696,24,0.140625
2.016116,0.15625,42,8,21760,24,0.234375
2.1040401,0.1484375,42,10,21824,24,0.0625
2.087511,0.140625,42,12,21888,24,0.15625
2.0742283,0.15625,42,14,21952,24,0.203125
2.0225172,0.15625,43,2,22080,24,0.203125
2.0367513,0.15625,43,4,22144,24,0.15625
2.1534023,0.140625,43,6,22208,24,0.046875
2.0489182,0.1484375,43,8,22272,24,0.171875
2.073427,0.15625,43,10,22336,24,0.140625
2.0169349,0.1484375,43,12,22400,24,0.234375
2.0403652,0.171875,43,14,22464,24,0.1875
2.0965846,0.140625,44,2,22592,24,0.140625
2.039384,0.09375,44,4,22656,24,0.21875
2.0615373,0.140625,44,6,22720,24,0.203125
2.0536985,0.1484375,44,8,22784,24,0.109375
2.0500526,0.1484375,44,10,22848,24,0.1875
2.026701,0.15625,44,12,22912,24,0.234375
2.0492558,0.15625,44,14,22976,24,0.171875
2.0379057,0.1640625,45,2,23104,24,0.21875
2.036849,0.171875,45,4,23168,24,0.1875
2.1207075,0.1796875,45,6,23232,24,0.078125
2.0683146,0.171875,45,8,23296,24,0.109375
2.0693722,0.1796875,45,10,23360,24,0.125
2.0538807,0.140625,45,12,23424,24,0.15625
2.0828147,0.1328125,45,14,23488,24,0.109375
2.0640025,0.1328125,46,2,23616,24,0.078125
2.0798855,0.171875,46,4,23680,24,0.09375
2.0524435,0.15625,46,6,23744,24,0.140625
2.045096,0.15625,46,8,23808,24,0.125
2.0756521,0.1484375,46,10,23872,24,0.125
2.070699,0.1953125,46,12,23936,24,0.109375
2.0556524,0.1875,46,14,24000,24,0.125
2.0326705,0.2109375,47,2,24128,24,0.21875
2.041002,0.203125,47,4,24192,24,0.109375
2.043561,0.1875,47,6,24256,24,0.21875
2.1297622,0.1796875,47,8,24320,24,0.03125
2.0128083,0.171875,47,10,24384,24,0.171875
2.0748012,0.171875,47,12,24448,24,0.171875
2.0994086,0.1875,47,14,24512,24,0.046875
2.0895133,0.1875,48,2,24640,24,0.109375
2.0712724,0.1953125,48,4,24704,24,0.171875
2.068976,0.1953125,48,6,24768,24,0.15625
2.0242777,0.1953125,48,8,24832,24,0.1875
2.0548263,0.171875,48,10,24896,24,0.109375
2.033864,0.1640625,48,12,24960,24,0.234375
2.0465834,0.1875,48,14,25024,24,0.203125
2.0651486,0.1875,49,2,25152,24,0.140625
2.0024886,0.1875,49,4,25216,24,0.28125
2.0475545,0.1953125,49,6,25280,24,0.171875
2.03112,0.203125,49,8,25344,24,0.25
2.0662332,0.203125,49,10,25408,24,0.15625
2.0263963,0.1796875,49,12,25472,24,0.15625
2.0730424,0.1640625,49,14,25536,24,0.1875
2.041545,0.1484375,50,2,25664,24,0.1875
2.0409422,0.15625,50,4,25728,24,0.265625
2.085008,0.15625,50,6,25792,24,0.203125
2.0524364,0.15625,50,8,25856,24,0.140625
2.0259094,0.15625,50,10,25920,24,0.25
2.0521894,0.1484375,50,12,25984,24,0.109375
2.0801768,0.1328125,50,14,26048,24,0.140625
2.056851,0.15625,51,2,26176,24,0.203125
2.0991917,0.125,51,4,26240,24,0.078125
2.0548692,0.125,51,6,26304,24,0.109375
2.0331213,0.1328125,51,8,26368,24,0.1875
2.0939803,0.1796875,51,10,26432,24,0.140625
2.0726075,0.1875,51,12,26496,24,0.140625
2.023779,0.1875,51,14,26560,24,0.203125
2.053051,0.15625,52,2,26688,24,0.203125
2.0558524,0.1484375,52,4,26752,24,0.15625
2.035843,0.1328125,52,6,26816,24,0.21875
2.048717,0.1328125,52,8,26880,24,0.1875
2.1124563,0.1328125,52,10,26944,24,0.0625
2.0550427,0.1328125,52,12,27008,24,0.140625
2.0291846,0.140625,52,14,27072,24,0.125
2.0386875,0.15625,53,2,27200,24,0.125
2.0477378,0.1640625,53,4,27264,24,0.15625
2.0632005,0.1796875,53,6,27328,24,0.125
2.0168834,0.1796875,53,8,27392,24,0.234375
2.0852618,0.1640625,53,10,27456,24,0.0625
2.0409846,0.1875,53,12,27520,24,0.234375
2.1302295,0.1796875,53,14,27584,24,0.09375
2.046435,0.1875,54,2,27712,24,0.1875
1.9945358,0.15625,54,4,27776,24,0.203125
2.0360625,0.15625,54,6,27840,24,0.1875
2.0716972,0.140625,54,8,27904,24,0.15625
2.1148722,0.1328125,54,10,27968,24,0.078125
2.01777,0.140625,54,12,28032,24,0.28125
2.074709,0.140625,54,14,28096,24,0.15625
2.0416684,0.15625,55,2,28224,24,0.125
2.0716815,0.1640625,55,4,28288,24,0.140625
2.0605125,0.15625,55,6,28352,24,0.09375
2.0372643,0.1640625,55,8,28416,24,0.171875
2.1042895,0.1484375,55,10,28480,24,0.140625
2.0597837,0.1484375,55,12,28544,24,0.171875
2.0296211,0.1484375,55,14,28608,24,0.15625
2.0240316,0.15625,56,2,28736,24,0.21875
2.0773816,0.15625,56,4,28800,24,0.125
2.0276413,0.1484375,56,6,28864,24,0.171875
2.0450194,0.15625,56,8,28928,24,0.15625
2.0738888,0.1796875,56,10,28992,24,0.09375
2.055961,0.171875,56,12,29056,24,0.15625
2.053773,0.171875,56,14,29120,24,0.1875
2.0515332,0.1875,57,2,29248,24,0.109375
2.0759134,0.1484375,57,4,29312,24,0.28125
2.1005745,0.140625,57,6,29376,24,0.171875
2.066194,0.140625,57,8,29440,24,0.15625
2.0721984,0.1640625,57,10,29504,24,0.078125
2.0518584,0.1640625,57,12,29568,24,0.140625
2.0462842,0.15625,57,14,29632,24,0.171875
2.0267534,0.1640625,58,2,29760,24,0.21875
2.0094302,0.140625,58,4,29824,24,0.234375
2.0608246,0.1484375,58,6,29888,24,0.125
2.0730658,0.15625,58,8,29952,24,0.140625
2.102423,0.15625,58,10,30016,24,0.09375
2.06038,0.15625,58,12,30080,24,0.109375
2.0857277,0.1640625,58,14,30144,24,0.140625
2.0341153,0.140625,59,2,30272,24,0.21875
2.0646074,0.140625,59,4,30336,24,0.171875
2.0920362,0.1328125,59,6,30400,24,0.203125
2.061997,0.140625,59,8,30464,24,0.15625
2.0383015,0.1328125,59,10,30528,24,0.171875
2.075151,0.140625,59,12,30592,24,0.140625
2.0271916,0.140625,59,14,30656,24,0.15625
2.1563506,0.1328125,0,2,64,24,0.125
2.0909383,0.109375,0,4,128,24,0.15625
2.2017186,0.09375,0,6,192,24,0.09375
2.2234397,0.09375,0,8,256,24,0.109375
2.161425,0.09375,0,10,320,24,0.109375
2.1526155,0.09375,0,12,384,24,0.140625
2.114413,0.078125,0,14,448,24,0.171875
2.1482162,0.1171875,1,2,576,24,0.109375
2.1189628,0.1171875,1,4,640,24,0.140625
2.0734305,0.125,1,6,704,24,0.15625
2.1660285,0.125,1,8,768,24,0.0625
2.1408398,0.1171875,1,10,832,24,0.15625
2.1254237,0.1171875,1,12,896,24,0.140625
2.1309292,0.1171875,1,14,960,24,0.140625
2.1481364,0.1328125,2,2,1088,24,0.078125
2.0979784,0.125,2,4,1152,24,0.15625
2.0746326,0.125,2,6,1216,24,0.125
2.0685613,0.1328125,2,8,1280,24,0.140625
2.028327,0.125,2,10,1344,24,0.1875
2.0549264,0.125,2,12,1408,24,0.15625
2.0767927,0.109375,2,14,1472,24,0.125
2.0626717,0.1171875,3,2,1600,24,0.171875
2.1443772,0.1171875,3,4,1664,24,0.09375
2.0984032,0.109375,3,6,1728,24,0.09375
2.1271513,0.125,3,8,1792,24,0.140625
2.0998874,0.109375,3,10,1856,24,0.203125
2.091265,0.1015625,3,12,1920,24,0.0625
2.1451087,0.1015625,3,14,1984,24,0.046875
2.085886,0.125,4,2,2112,24,0.09375
2.083609,0.125,4,4,2176,24,0.140625
2.0894718,0.125,4,6,2240,24,0.15625
2.073824,0.1015625,4,8,2304,24,0.109375
2.0802507,0.1015625,4,10,2368,24,0.140625
2.128618,0.1015625,4,12,2432,24,0.109375
2.0454984,0.109375,4,14,2496,24,0.109375
2.0835087,0.078125,5,2,2624,24,0.140625
2.0755432,0.109375,5,4,2688,24,0.1875
2.0534139,0.0625,5,6,2752,24,0.171875
2.1061692,0.09375,5,8,2816,24,0.078125
2.134458,0.1015625,5,10,2880,24,0.078125
2.0935173,0.1015625,5,12,2944,24,0.125
2.1007376,0.1015625,5,14,3008,24,0.140625
2.0766487,0.109375,6,2,3136,24,0.109375
2.0847757,0.109375,6,4,3200,24,0.125
2.054547,0.1015625,6,6,3264,24,0.1875
2.090794,0.1015625,6,8,3328,24,0.171875
2.1280332,0.109375,6,10,3392,24,0.09375
2.1318893,0.109375,6,12,3456,24,0.125
2.055019,0.1015625,6,14,3520,24,0.1875
2.0928652,0.1015625,7,2,3648,24,0.0625
2.1243353,0.1015625,7,4,3712,24,0.109375
2.0940914,0.109375,7,6,3776,24,0.15625
2.0795934,0.09375,7,8,3840,24,0.03125
2.0485144,0.1015625,7,10,3904,24,0.09375
2.0773382,0.09375,7,12,3968,24,0.109375
2.0702815,0.09375,7,14,4032,24,0.203125
2.0637736,0.0859375,8,2,4160,24,0.15625
2.0760767,0.09375,8,4,4224,24,0.15625
2.0344923,0.09375,8,6,4288,24,0.125
2.0798874,0.0859375,8,8,4352,24,0.09375
2.0619376,0.0859375,8,10,4416,24,0.171875
2.0681105,0.09375,8,12,4480,24,0.171875
2.1084347,0.0859375,8,14,4544,24,0.109375
2.0634763,0.09375,9,2,4672,24,0.203125
2.0504959,0.09375,9,4,4736,24,0.21875
2.0535812,0.109375,9,6,4800,24,0.1875
2.0637064,0.109375,9,8,4864,24,0.125
2.0584626,0.1015625,9,10,4928,24,0.1875
2.0838218,0.109375,9,12,4992,24,0.140625
2.0961828,0.109375,9,14,5056,24,0.171875
2.0531254,0.09375,10,2,5184,24,0.1875
2.0962024,0.1015625,10,4,5248,24,0.125
2.0869465,0.0859375,10,6,5312,24,0.09375
2.0762992,0.109375,10,8,5376,24,0.125
2.0984318,0.1171875,10,10,5440,24,0.171875
2.090265,0.1015625,10,12,5504,24,0.109375
2.0556936,0.09375,10,14,5568,24,0.28125
2.0660987,0.0859375,11,2,5696,24,0.21875
2.071498,0.0859375,11,4,5760,24,0.1875
2.0689247,0.078125,11,6,5824,24,0.15625
2.0647483,0.078125,11,8,5888,24,0.171875
2.069663,0.0703125,11,10,5952,24,0.109375
2.0356793,0.09375,11,12,6016,24,0.25
2.0739021,0.0703125,11,14,6080,24,0.140625
2.0439343,0.0859375,12,2,6208,24,0.15625
2.0605242,0.09375,12,4,6272,24,0.171875
2.0575075,0.09375,12,6,6336,24,0.21875
2.0785444,0.09375,12,8,6400,24,0.15625
2.072854,0.09375,12,10,6464,24,0.140625
2.1024394,0.09375,12,12,6528,24,0.09375
2.0906358,0.09375,12,14,6592,24,0.09375
2.0720353,0.09375,13,2,6720,24,0.15625
2.0669127,0.0859375,13,4,6784,24,0.171875
2.0903106,0.0859375,13,6,6848,24,0.09375
2.1001024,0.0859375,13,8,6912,24,0.140625
2.0470324,0.0859375,13,10,6976,24,0.125
2.0740361,0.0859375,13,12,7040,24,0.1875
2.0909085,0.09375,13,14,7104,24,0.125
2.0660949,0.0859375,14,2,7232,24,0.125
2.0667396,0.09375,14,4,7296,24,0.140625
2.0751433,0.1015625,14,6,7360,24,0.109375
2.0683634,0.1015625,14,8,7424,24,0.125
2.1076953,0.1015625,14,10,7488,24,0.09375
2.065888,0.1015625,14,12,7552,24,0.171875
2.0643463,0.1015625,14,14,7616,24,0.1875
2.0551157,0.09375,15,2,7744,24,0.21875
2.0926924,0.09375,15,4,7808,24,0.140625
2.0871444,0.1015625,15,6,7872,24,0.109375
2.0565104,0.1015625,15,8,7936,24,0.1875
2.083456,0.078125,15,10,8000,24,0.140625
2.0672305,0.0703125,15,12,8064,24,0.171875
2.0463123,0.0703125,15,14,8128,24,0.1875
2.0515633,0.078125,16,2,8256,24,0.15625
2.0666199,0.0703125,16,4,8320,24,0.15625
2.0840502,0.078125,16,6,8384,24,0.09375
2.1034627,0.078125,16,8,8448,24,0.09375
2.0679538,0.0625,16,10,8512,24,0.109375
2.0751634,0.0703125,16,12,8576,24,0.125
2.0969524,0.078125,16,14,8640,24,0.140625
2.0747132,0.0859375,17,2,8768,24,0.125
2.0667129,0.0859375,17,4,8832,24,0.15625
2.0576854,0.0703125,17,6,8896,24,0.1875
2.0447984,0.0703125,17,8,8960,24,0.125
2.09166,0.0625,17,10,9024,24,0.15625
2.0789638,0.0703125,17,12,9088,24,0.125
2.098517,0.078125,17,14,9152,24,0.125
2.073524,0.078125,18,2,9280,24,0.1875
2.067134,0.0703125,18,4,9344,24,0.15625
2.0449538,0.0859375,18,6,9408,24,0.125
2.0498717,0.0859375,18,8,9472,24,0.171875
2.0755463,0.0859375,18,10,9536,24,0.109375
2.0821896,0.078125,18,12,9600,24,0.09375
2.0680904,0.0859375,18,14,9664,24,0.15625
2.0586424,0.09375,19,2,9792,24,0.1875
2.085526,0.09375,19,4,9856,24,0.140625
2.0681028,0.09375,19,6,9920,24,0.171875
2.0828147,0.0859375,19,8,9984,24,0.109375
2.085865,0.109375,19,10,10048,24,0.09375
2.0975168,0.125,19,12,10112,24,0.125
2.0702705,0.1171875,19,14,10176,24,0.140625
2.068407,0.1015625,20,2,10304,24,0.125
2.0494342,0.1015625,20,4,10368,24,0.203125
2.0596256,0.109375,20,6,10432,24,0.09375
2.0800676,0.109375,20,8,10496,24,0.1875
2.1013272,0.109375,20,10,10560,24,0.125
2.1083894,0.09375,20,12,10624,24,0.125
2.012198,0.0859375,20,14,10688,24,0.234375
2.0380478,0.0859375,21,2,10816,24,0.171875
2.0993176,0.0859375,21,4,10880,24,0.125
2.0588598,0.0703125,21,6,10944,24,0.109375
2.0588145,0.0859375,21,8,11008,24,0.1875
2.0785508,0.078125,21,10,11072,24,0.15625
2.0587845,0.1015625,21,12,11136,24,0.140625
2.1092005,0.09375,21,14,11200,24,0.0625
2.0320437,0.0859375,22,2,11328,24,0.203125
2.0806828,0.0859375,22,4,11392,24,0.125
2.1096003,0.0859375,22,6,11456,24,0.125
2.0666976,0.09375,22,8,11520,24,0.171875
2.021655,0.1015625,22,10,11584,24,0.328125
2.0875115,0.0703125,22,12,11648,24,0.125
2.0819507,0.078125,22,14,11712,24,0.21875
2.0737505,0.078125,23,2,11840,24,0.140625
2.03634,0.0859375,23,4,11904,24,0.234375
2.0625904,0.0859375,23,6,11968,24,0.109375
2.0691614,0.0859375,23,8,12032,24,0.125
2.0741324,0.078125,23,10,12096,24,0.15625
2.0473466,0.078125,23,12,12160,24,0.15625
2.083449,0.078125,23,14,12224,24,0.109375
2.1023068,0.0859375,24,2,12352,24,0.109375
2.068593,0.0859375,24,4,12416,24,0.1875
2.0470767,0.078125,24,6,12480,24,0.203125
2.0577197,0.078125,24,8,12544,24,0.171875
2.0584002,0.0859375,24,10,12608,24,0.203125
2.0989676,0.09375,24,12,12672,24,0.140625
2.0532792,0.09375,24,14,12736,24,0.203125
2.0504296,0.09375,25,2,12864,24,0.125
2.0687442,0.078125,25,4,12928,24,0.171875
2.0167274,0.078125,25,6,12992,24,0.21875
2.0879512,0.0703125,25,8,13056,24,0.109375
2.0676656,0.0625,25,10,13120,24,0.15625
2.0537505,0.0703125,25,12,13184,24,0.203125
2.0600085,0.078125,25,14,13248,24,0.1875
2.0859623,0.0703125,26,2,13376,24,0.15625
2.0532346,0.078125,26,4,13440,24,0.15625
2.056827,0.078125,26,6,13504,24,0.140625
2.0757961,0.078125,26,8,13568,24,0.1875
2.0440626,0.078125,26,10,13632,24,0.1875
2.0628958,0.0859375,26,12,13696,24,0.171875
2.0922596,0.078125,26,14,13760,24,0.09375
2.0676486,0.0859375,27,2,13888,24,0.125
2.079596,0.09375,27,4,13952,24,0.109375
2.038065,0.109375,27,6,14016,24,0.1875
2.0874903,0.109375,27,8,14080,24,0.078125
2.0596185,0.109375,27,10,14144,24,0.234375
2.0528574,0.1015625,27,12,14208,24,0.15625
2.083456,0.1015625,27,14,14272,24,0.140625
2.0722034,0.09375,28,2,14400,24,0.140625
2.0377588,0.078125,28,4,14464,24,0.21875
2.0653346,0.078125,28,6,14528,24,0.15625
2.0534754,0.09375,28,8,14592,24,0.140625
2.087062,0.0625,28,10,14656,24,0.109375
2.0741715,0.0859375,28,12,14720,24,0.125
2.087782,0.0703125,28,14,14784,24,0.09375
1.9957275,0.078125,29,2,14912,24,0.296875
2.0537338,0.0703125,29,4,14976,24,0.140625
2.0893373,0.078125,29,6,15040,24,0.125
2.069677,0.0703125,29,8,15104,24,0.15625
2.0860443,0.0625,29,10,15168,24,0.140625
2.0784593,0.0703125,29,12,15232,24,0.125
2.0592098,0.0625,29,14,15296,24,0.21875
2.0415683,0.0859375,30,2,15424,24,0.1875
2.0467,0.0703125,30,4,15488,24,0.1875
2.0490541,0.0703125,30,6,15552,24,0.140625
2.040876,0.0703125,30,8,15616,24,0.140625
2.139164,0.0703125,30,10,15680,24,0.09375
2.0777316,0.0703125,30,12,15744,24,0.203125
2.0363035,0.078125,30,14,15808,24,0.140625
2.0522063,0.0703125,31,2,15936,24,0.15625
2.0833747,0.078125,31,4,16000,24,0.09375
2.0723705,0.0703125,31,6,16064,24,0.234375
2.083974,0.0625,31,8,16128,24,0.109375
2.052167,0.1015625,31,10,16192,24,0.203125
2.082856,0.109375,31,12,16256,24,0.140625
2.0494058,0.078125,31,14,16320,24,0.171875
2.0816112,0.078125,32,2,16448,24,0.15625
2.0566494,0.0703125,32,4,16512,24,0.203125
2.0266876,0.078125,32,6,16576,24,0.203125
2.0624518,0.0625,32,8,16640,24,0.15625
2.092414,0.0546875,32,10,16704,24,0.078125
2.110961,0.0625,32,12,16768,24,0.078125
2.065054,0.0625,32,14,16832,24,0.09375
2.0829315,0.0625,33,2,16960,24,0.140625
2.0693107,0.0625,33,4,17024,24,0.125
2.0651035,0.078125,33,6,17088,24,0.203125
2.0532146,0.0546875,33,8,17152,24,0.265625
2.07234,0.0703125,33,10,17216,24,0.1875
2.0771914,0.0703125,33,12,17280,24,0.140625
2.077233,0.0625,33,14,17344,24,0.09375
2.0387843,0.0859375,34,2,17472,24,0.171875
2.0755024,0.0859375,34,4,17536,24,0.203125
2.086158,0.1015625,34,6,17600,24,0.078125
2.0743918,0.1015625,34,8,17664,24,0.171875
2.098325,0.09375,34,10,17728,24,0.109375
2.0383089,0.09375,34,12,17792,24,0.21875
2.0785193,0.0859375,34,14,17856,24,0.109375
2.0620768,0.0859375,35,2,17984,24,0.140625
2.06914,0.0703125,35,4,18048,24,0.15625
2.0478244,0.0625,35,6,18112,24,0.09375
2.0846214,0.109375,35,8,18176,24,0.09375
2.0646558,0.109375,35,10,18240,24,0.15625
2.0913322,0.109375,35,12,18304,24,0.09375
2.0711899,0.1171875,35,14,18368,24,0.171875
2.0433662,0.1171875,36,2,18496,24,0.171875
2.0591874,0.1015625,36,4,18560,24,0.15625
2.0612621,0.0703125,36,6,18624,24,0.171875
2.0671558,0.0859375,36,8,18688,24,0.09375
2.070126,0.09375,36,10,18752,24,0.171875
2.0692139,0.0703125,36,12,18816,24,0.09375
2.0752304,0.0859375,36,14,18880,24,0.171875
2.0599856,0.0546875,37,2,19008,24,0.15625
2.0578065,0.0546875,37,4,19072,24,0.203125
2.0816128,0.0546875,37,6,19136,24,0.109375
2.0750673,0.0546875,37,8,19200,24,0.15625
2.0629232,0.0546875,37,10,19264,24,0.234375
2.0660863,0.0625,37,12,19328,24,0.1875
2.0377865,0.0625,37,14,19392,24,0.234375
2.0740423,0.0703125,38,2,19520,24,0.125
2.084164,0.0859375,38,4,19584,24,0.046875
2.0561,0.078125,38,6,19648,24,0.171875
2.0853233,0.1015625,38,8,19712,24,0.109375
2.0736408,0.0859375,38,10,19776,24,0.125
2.021196,0.1171875,38,12,19840,24,0.171875
2.0672183,0.078125,38,14,19904,24,0.1875
2.106022,0.1015625,39,2,20032,24,0.09375
2.0323257,0.1015625,39,4,20096,24,0.171875
2.0705526,0.0859375,39,6,20160,24,0.09375
2.0498836,0.0859375,39,8,20224,24,0.1875
2.08397,0.0859375,39,10,20288,24,0.140625
2.058125,0.0703125,39,12,20352,24,0.078125
2.0799296,0.0859375,39,14,20416,24,0.140625
2.0537047,0.09375,40,2,20544,24,0.125
2.0711555,0.0859375,40,4,20608,24,0.1875
2.0691946,0.0703125,40,6,20672,24,0.109375
2.0715947,0.0546875,40,8,20736,24,0.15625
2.070257,0.0625,40,10,20800,24,0.046875
2.039048,0.0625,40,12,20864,24,0.203125
2.037846,0.0625,40,14,20928,24,0.140625
2.0599585,0.0625,41,2,21056,24,0.15625
2.0625832,0.0625,41,4,21120,24,0.15625
2.0418835,0.0859375,41,6,21184,24,0.171875
2.0838537,0.0859375,41,8,21248,24,0.109375
2.1016994,0.0703125,41,10,21312,24,0.09375
2.0357242,0.09375,41,12,21376,24,0.203125
2.0659716,0.078125,41,14,21440,24,0.140625
2.0771458,0.0859375,42,2,21568,24,0.15625
2.081348,0.078125,42,4,21632,24,0.15625
2.0915341,0.0859375,42,6,21696,24,0.125
2.04525,0.078125,42,8,21760,24,0.15625
2.0941944,0.0703125,42,10,21824,24,0.09375
2.1850457,0.1171875,0,2,64,24,0.0625
2.2381258,0.1484375,0,4,128,24,0.0625
2.1671948,0.1484375,0,6,192,24,0.125
2.184413,0.125,0,8,256,24,0.125
2.0963106,0.125,0,10,320,24,0.15625
2.1700668,0.125,0,12,384,24,0.078125
2.158959,0.1171875,0,14,448,24,0.09375
2.1283107,0.125,1,2,576,24,0.125
2.1421764,0.109375,1,4,640,24,0.1875
2.082179,0.09375,1,6,704,24,0.1875
2.102879,0.109375,1,8,768,24,0.078125
2.1203818,0.109375,1,10,832,24,0.109375
2.0617652,0.1015625,1,12,896,24,0.1875
2.1310048,0.125,1,14,960,24,0.140625
2.08007,0.109375,2,2,1088,24,0.15625
2.068423,0.109375,2,4,1152,24,0.109375
2.0692697,0.109375,2,6,1216,24,0.140625
2.1236858,0.1015625,2,8,1280,24,0.125
2.125165,0.1015625,2,10,1344,24,0.109375
2.0398288,0.09375,2,12,1408,24,0.203125
2.045815,0.1015625,2,14,1472,24,0.140625
2.0610628,0.125,3,2,1600,24,0.171875
2.0916052,0.1484375,3,4,1664,24,0.203125
2.1655135,0.1328125,3,6,1728,24,0.078125
2.1520662,0.1328125,3,8,1792,24,0.109375
2.0747027,0.140625,3,10,1856,24,0.09375
2.1186996,0.1328125,3,12,1920,24,0.140625
2.1133657,0.125,3,14,1984,24,0.125
2.0598547,0.109375,4,2,2112,24,0.171875
2.0771542,0.125,4,4,2176,24,0.1875
2.0628877,0.125,4,6,2240,24,0.125
2.1215844,0.125,4,8,2304,24,0.140625
2.071403,0.125,4,10,2368,24,0.09375
2.111685,0.125,4,12,2432,24,0.15625
2.0783062,0.125,4,14,2496,24,0.15625
2.0464628,0.109375,5,2,2624,24,0.171875
2.046814,0.1015625,5,4,2688,24,0.15625
2.0916092,0.1015625,5,6,2752,24,0.15625
2.0846407,0.125,5,8,2816,24,0.09375
2.1094089,0.125,5,10,2880,24,0.078125
2.092375,0.1171875,5,12,2944,24,0.109375
2.0101836,0.1171875,5,14,3008,24,0.265625
2.0849357,0.109375,6,2,3136,24,0.09375
2.0577798,0.109375,6,4,3200,24,0.171875
2.0673785,0.1015625,6,6,3264,24,0.109375
2.0323472,0.109375,6,8,3328,24,0.140625
2.1406772,0.09375,6,10,3392,24,0.046875
2.0359802,0.1015625,6,12,3456,24,0.1875
2.1094038,0.109375,6,14,3520,24,0.09375
2.0458567,0.125,7,2,3648,24,0.203125
2.0667317,0.125,7,4,3712,24,0.109375
2.0580876,0.125,7,6,3776,24,0.203125
2.0431266,0.125,7,8,3840,24,0.21875
2.0502086,0.125,7,10,3904,24,0.078125
2.093545,0.1171875,7,12,3968,24,0.078125
2.0740392,0.125,7,14,4032,24,0.140625
2.048614,0.125,8,2,4160,24,0.203125
2.069267,0.125,8,4,4224,24,0.140625
2.034054,0.09375,8,6,4288,24,0.1875
2.0615268,0.1015625,8,8,4352,24,0.109375
2.0504549,0.1015625,8,10,4416,24,0.140625
2.0851316,0.1015625,8,12,4480,24,0.140625
2.0336747,0.1015625,8,14,4544,24,0.21875
2.0343978,0.1015625,9,2,4672,24,0.140625
2.0144246,0.1015625,9,4,4736,24,0.203125
2.047602,0.1015625,9,6,4800,24,0.203125
2.0536304,0.1015625,9,8,4864,24,0.171875
2.085437,0.109375,9,10,4928,24,0.171875
2.1062784,0.109375,9,12,4992,24,0.125
2.05544,0.1015625,9,14,5056,24,0.171875
2.0737123,0.1015625,10,2,5184,24,0.171875
2.083876,0.1015625,10,4,5248,24,0.09375
2.073791,0.1015625,10,6,5312,24,0.15625
2.065917,0.1015625,10,8,5376,24,0.140625
2.056542,0.1015625,10,10,5440,24,0.125
2.0356178,0.1015625,10,12,5504,24,0.203125
2.1206484,0.1015625,10,14,5568,24,0.0625
2.0659888,0.140625,11,2,5696,24,0.1875
2.1227775,0.1328125,11,4,5760,24,0.15625
1.978903,0.125,11,6,5824,24,0.234375
2.1003642,0.125,11,8,5888,24,0.140625
2.084344,0.125,11,10,5952,24,0.125
2.0554543,0.125,11,12,6016,24,0.109375
2.059113,0.125,11,14,6080,24,0.09375
2.0651221,0.09375,12,2,6208,24,0.125
2.125529,0.09375,12,4,6272,24,0.078125
2.024157,0.125,12,6,6336,24,0.203125
2.0677738,0.1015625,12,8,6400,24,0.125
2.0848072,0.1015625,12,10,6464,24,0.125
2.0550582,0.1015625,12,12,6528,24,0.1875
2.0418868,0.1015625,12,14,6592,24,0.125
2.1099248,0.1015625,13,2,6720,24,0.15625
2.0474706,0.109375,13,4,6784,24,0.15625
2.096609,0.109375,13,6,6848,24,0.09375
2.0665884,0.1171875,13,8,6912,24,0.140625
2.079502,0.1171875,13,10,6976,24,0.15625
1.9999707,0.1328125,13,12,7040,24,0.25
2.0709507,0.1015625,13,14,7104,24,0.125
2.0693042,0.09375,14,2,7232,24,0.109375
2.0887382,0.078125,14,4,7296,24,0.09375
2.0797477,0.1171875,14,6,7360,24,0.171875
2.051762,0.09375,14,8,7424,24,0.234375
2.0837252,0.09375,14,10,7488,24,0.109375
2.0874298,0.0703125,14,12,7552,24,0.1875
2.0394294,0.125,14,14,7616,24,0.125
2.0494037,0.09375,15,2,7744,24,0.296875
2.09268,0.0859375,15,4,7808,24,0.0625
2.0510654,0.09375,15,6,7872,24,0.1875
2.0598185,0.1015625,15,8,7936,24,0.125
2.057088,0.1015625,15,10,8000,24,0.140625
2.0551713,0.09375,15,12,8064,24,0.125
2.0705945,0.09375,15,14,8128,24,0.1875
2.0532815,0.140625,16,2,8256,24,0.234375
2.1050286,0.140625,16,4,8320,24,0.109375
2.0578496,0.1328125,16,6,8384,24,0.109375
2.0374403,0.1328125,16,8,8448,24,0.234375
2.0435987,0.1328125,16,10,8512,24,0.109375
2.0892115,0.1328125,16,12,8576,24,0.125
2.0523388,0.1328125,16,14,8640,24,0.203125
2.0451093,0.125,17,2,8768,24,0.140625
2.0412216,0.1171875,17,4,8832,24,0.203125
2.0056245,0.1015625,17,6,8896,24,0.21875
2.0772464,0.1171875,17,8,8960,24,0.09375
2.0771127,0.125,17,10,9024,24,0.171875
2.0773354,0.125,17,12,9088,24,0.15625
2.090518,0.125,17,14,9152,24,0.15625
2.073796,0.125,18,2,9280,24,0.140625
2.0368092,0.125,18,4,9344,24,0.203125
2.0331435,0.125,18,6,9408,24,0.1875
2.0384054,0.125,18,8,9472,24,0.203125
2.0420556,0.125,18,10,9536,24,0.125
2.0485463,0.125,18,12,9600,24,0.1875
2.096907,0.125,18,14,9664,24,0.171875
2.0718408,0.125,19,2,9792,24,0.109375
2.11366,0.125,19,4,9856,24,0.09375
2.0481303,0.1328125,19,6,9920,24,0.15625
2.0366518,0.1328125,19,8,9984,24,0.234375
2.032071,0.1328125,19,10,10048,24,0.265625
2.107161,0.1328125,19,12,10112,24,0.140625
2.020506,0.1328125,19,14,10176,24,0.1875
2.0873969,0.09375,20,2,10304,24,0.125
2.0132923,0.09375,20,4,10368,24,0.140625
2.06635,0.09375,20,6,10432,24,0.109375
2.0588794,0.0859375,20,8,10496,24,0.09375
2.0649467,0.0859375,20,10,10560,24,0.15625
2.095059,0.0859375,20,12,10624,24,0.078125
2.0854902,0.1015625,20,14,10688,24,0.1875
2.0840046,0.1015625,21,2,10816,24,0.140625
2.0123289,0.109375,21,4,10880,24,0.15625
2.0474896,0.109375,21,6,10944,24,0.15625
2.0611806,0.109375,21,8,11008,24,0.125
2.1154065,0.109375,21,10,11072,24,0.125
2.0339859,0.109375,21,12,11136,24,0.171875
2.0581923,0.1328125,21,14,11200,24,0.15625
2.0474403,0.1328125,22,2,11328,24,0.234375
2.0438852,0.1328125,22,4,11392,24,0.1875
2.0614538,0.140625,22,6,11456,24,0.140625
2.088624,0.1328125,22,8,11520,24,0.140625
2.047153,0.140625,22,10,11584,24,0.109375
2.0565586,0.125,22,12,11648,24,0.21875
2.033626,0.1328125,22,14,11712,24,0.1875
2.0374463,0.140625,23,2,11840,24,0.203125
2.015424,0.140625,23,4,11904,24,0.171875
2.0753992,0.1328125,23,6,11968,24,0.140625
2.0814698,0.1328125,23,8,12032,24,0.078125
2.1253064,0.125,23,10,12096,24,0.125
2.058137,0.125,23,12,12160,24,0.15625
2.0593405,0.1328125,23,14,12224,24,0.1875
2.0414102,0.125,24,2,12352,24,0.171875
2.0523329,0.1328125,24,4,12416,24,0.140625
2.0188742,0.125,24,6,12480,24,0.234375
2.0632858,0.125,24,8,12544,24,0.21875
2.0936737,0.125,24,10,12608,24,0.125
2.0557132,0.125,24,12,12672,24,0.140625
2.0617917,0.1015625,24,14,12736,24,0.15625
2.0189607,0.125,25,2,12864,24,0.15625
2.0592341,0.1328125,25,4,12928,24,0.203125
2.0854285,0.125,25,6,12992,24,0.1875
2.052908,0.125,25,8,13056,24,0.203125
2.071714,0.125,25,10,13120,24,0.09375
2.013853,0.125,25,12,13184,24,0.15625
2.116262,0.1328125,25,14,13248,24,0.0625
2.0559618,0.1015625,26,2,13376,24,0.171875
2.0797915,0.09375,26,4,13440,24,0.171875
2.0995345,0.1171875,26,6,13504,24,0.125
2.067245,0.109375,26,8,13568,24,0.125
2.0546808,0.125,26,10,13632,24,0.21875
2.0601213,0.125,26,12,13696,24,0.125
2.0416994,0.125,26,14,13760,24,0.125
2.0333087,0.078125,27,2,13888,24,0.1875
2.062946,0.1015625,27,4,13952,24,0.171875
2.0574818,0.109375,27,6,14016,24,0.09375
2.0590632,0.109375,27,8,14080,24,0.125
2.0951385,0.109375,27,10,14144,24,0.140625
2.0195508,0.1171875,27,12,14208,24,0.1875
2.0737815,0.1171875,27,14,14272,24,0.140625
2.0680585,0.1171875,28,2,14400,24,0.109375
2.0525723,0.1015625,28,4,14464,24,0.21875
2.0891213,0.09375,28,6,14528,24,0.078125
2.0958135,0.140625,28,8,14592,24,0.171875
2.0497432,0.1328125,28,10,14656,24,0.203125
2.059379,0.125,28,12,14720,24,0.234375
2.043839,0.1328125,28,14,14784,24,0.140625
2.0806901,0.1171875,29,2,14912,24,0.125
2.0275264,0.1171875,29,4,14976,24,0.21875
2.032113,0.125,29,6,15040,24,0.15625
2.0624657,0.125,29,8,15104,24,0.15625
2.0673296,0.1171875,29,10,15168,24,0.15625
2.053211,0.1171875,29,12,15232,24,0.109375
2.0345755,0.109375,29,14,15296,24,0.21875
2.0959892,0.109375,30,2,15424,24,0.109375
2.030692,0.109375,30,4,15488,24,0.234375
2.0978603,0.1015625,30,6,15552,24,0.125
2.036662,0.125,30,8,15616,24,0.203125
2.066018,0.140625,30,10,15680,24,0.15625
2.0031054,0.125,30,12,15744,24,0.234375
2.088944,0.109375,30,14,15808,24,0.0625
2.0406733,0.109375,31,2,15936,24,0.25
2.0693269,0.1015625,31,4,16000,24,0.125
2.0553784,0.1171875,31,6,16064,24,0.1875
2.0930088,0.109375,31,8,16128,24,0.140625
2.0544515,0.109375,31,10,16192,24,0.140625
2.1115448,0.1015625,31,12,16256,24,0.109375
2.045312,0.1171875,31,14,16320,24,0.15625
2.075055,0.1328125,32,2,16448,24,0.125
2.0009239,0.125,32,4,16512,24,0.1875
2.0886588,0.1328125,32,6,16576,24,0.1875
2.0419881,0.1328125,32,8,16640,24,0.109375
2.0420794,0.1328125,32,10,16704,24,0.171875
2.103454,0.1328125,32,12,16768,24,0.171875
2.0757046,0.1328125,32,14,16832,24,0.15625
2.0440474,0.125,33,2,16960,24,0.1875
2.0496235,0.1328125,33,4,17024,24,0.125
2.0503616,0.1328125,33,6,17088,24,0.125
2.0765843,0.1328125,33,8,17152,24,0.125
2.0697212,0.140625,33,10,17216,24,0.15625
2.0893064,0.125,33,12,17280,24,0.140625
2.0250518,0.125,33,14,17344,24,0.234375
2.018959,0.140625,34,2,17472,24,0.1875
2.0936506,0.1171875,34,4,17536,24,0.125
2.0019283,0.125,34,6,17600,24,0.25
2.0776815,0.125,34,8,17664,24,0.109375
2.0782738,0.1015625,34,10,17728,24,0.15625
2.066174,0.109375,34,12,17792,24,0.125
2.106069,0.09375,34,14,17856,24,0.078125
2.0721571,0.1015625,35,2,17984,24,0.109375
2.0464644,0.109375,35,4,18048,24,0.15625
2.0548594,0.109375,35,6,18112,24,0.109375
2.0610118,0.1015625,35,8,18176,24,0.171875
2.0780668,0.109375,35,10,18240,24,0.125
2.0651312,0.1171875,35,12,18304,24,0.171875
2.0692239,0.125,35,14,18368,24,0.140625
2.028206,0.125,36,2,18496,24,0.234375
2.0593705,0.1171875,36,4,18560,24,0.21875
2.057541,0.109375,36,6,18624,24,0.140625
2.044418,0.1171875,36,8,18688,24,0.21875
2.0376873,0.125,36,10,18752,24,0.15625
2.0824,0.125,36,12,18816,24,0.15625
2.0883746,0.125,36,14,18880,24,0.09375
2.0726047,0.125,37,2,19008,24,0.15625
2.0664797,0.1171875,37,4,19072,24,0.1875
2.0450895,0.125,37,6,19136,24,0.21875
2.0585055,0.1328125,37,8,19200,24,0.109375
2.0264232,0.1328125,37,10,19264,24,0.171875
2.0800486,0.1328125,37,12,19328,24,0.125
2.0918727,0.1328125,37,14,19392,24,0.125
2.061307,0.109375,38,2,19520,24,0.1875
2.0622334,0.109375,38,4,19584,24,0.125
2.0186071,0.1171875,38,6,19648,24,0.171875
2.0468597,0.1171875,38,8,19712,24,0.1875
2.0780652,0.1015625,38,10,19776,24,0.171875
2.0725737,0.09375,38,12,19840,24,0.09375
2.0637424,0.109375,38,14,19904,24,0.15625
2.0449133,0.1171875,39,2,20032,24,0.1875
2.0461092,0.1171875,39,4,20096,24,0.171875
2.0393593,0.1171875,39,6,20160,24,0.171875
2.0901554,0.1328125,39,8,20224,24,0.15625
2.0390015,0.1328125,39,10,20288,24,0.109375
2.0453963,0.1171875,39,12,20352,24,0.171875
2.0702546,0.1171875,39,14,20416,24,0.1875
2.0220757,0.09375,40,2,20544,24,0.203125
2.0432415,0.09375,40,4,20608,24,0.140625
2.0560894,0.109375,40,6,20672,24,0.1875
2.0548992,0.125,40,8,20736,24,0.109375
2.0453248,0.1640625,40,10,20800,24,0.125
2.0378003,0.1796875,40,12,20864,24,0.203125
2.100301,0.15625,40,14,20928,24,0.078125
2.0733144,0.1484375,41,2,21056,24,0.140625
2.0272002,0.140625,41,4,21120,24,0.15625
2.0099282,0.1328125,41,6,21184,24,0.25
2.074947,0.1015625,41,8,21248,24,0.125
2.120833,0.1484375,41,10,21312,24,0.125
2.0275254,0.125,41,12,21376,24,0.21875
2.0467548,0.1328125,41,14,21440,24,0.140625
2.030034,0.1171875,42,2,21568,24,0.171875
2.065095,0.1171875,42,4,21632,24,0.15625
2.05289,0.1171875,42,6,21696,24,0.25
2.0627284,0.125,42,8,21760,24,0.109375
2.0352407,0.0859375,42,10,21824,24,0.171875
2.0852785,0.09375,42,12,21888,24,0.125
2.0324764,0.0859375,42,14,21952,24,0.171875
2.068624,0.09375,43,2,22080,24,0.109375
2.009698,0.1015625,43,4,22144,24,0.25
2.0650792,0.09375,43,6,22208,24,0.09375
2.0748396,0.09375,43,8,22272,24,0.171875
2.07676,0.109375,43,10,22336,24,0.109375
2.0487108,0.109375,43,12,22400,24,0.1875
2.0424852,0.125,43,14,22464,24,0.171875
2.0454054,0.125,44,2,22592,24,0.1875
2.0478814,0.109375,44,4,22656,24,0.140625
2.0448384,0.125,44,6,22720,24,0.171875
2.090075,0.140625,44,8,22784,24,0.15625
2.09719,0.1328125,44,10,22848,24,0.15625
2.0555935,0.1328125,44,12,22912,24,0.140625
2.0229733,0.125,44,14,22976,24,0.21875
2.0472293,0.1015625,45,2,23104,24,0.203125
2.0709424,0.109375,45,4,23168,24,0.109375
2.05177,0.109375,45,6,23232,24,0.15625
2.048803,0.1015625,45,8,23296,24,0.234375
2.0886326,0.09375,45,10,23360,24,0.109375
2.0827665,0.1015625,45,12,23424,24,0.140625
2.0520246,0.1171875,45,14,23488,24,0.140625
2.062396,0.109375,46,2,23616,24,0.171875
2.025898,0.09375,46,4,23680,24,0.234375
2.0683584,0.109375,46,6,23744,24,0.125
2.0682936,0.109375,46,8,23808,24,0.125
2.0554304,0.1015625,46,10,23872,24,0.171875
2.0664563,0.1328125,46,12,23936,24,0.09375
2.0676794,0.1171875,46,14,24000,24,0.15625
2.0022385,0.125,47,2,24128,24,0.203125
2.0341272,0.125,47,4,24192,24,0.171875
2.100926,0.125,47,6,24256,24,0.171875
2.0507338,0.125,47,8,24320,24,0.125
2.0621977,0.125,47,10,24384,24,0.171875
2.0468621,0.125,47,12,24448,24,0.09375
2.0915487,0.125,47,14,24512,24,0.109375
2.0517993,0.125,48,2,24640,24,0.125
2.0681808,0.109375,48,4,24704,24,0.1875
2.0623713,0.109375,48,6,24768,24,0.125
2.059564,0.1015625,48,8,24832,24,0.1875
2.0411246,0.1015625,48,10,24896,24,0.1875
2.0847652,0.1015625,48,12,24960,24,0.078125
2.0872073,0.109375,48,14,25024,24,0.125
2.0738292,0.0859375,49,2,25152,24,0.078125
2.02153,0.09375,49,4,25216,24,0.21875
2.0536199,0.0859375,49,6,25280,24,0.125
2.0994978,0.1015625,49,8,25344,24,0.140625
2.0653071,0.125,49,10,25408,24,0.21875
2.1004024,0.1484375,49,12,25472,24,0.109375
2.0562487,0.1484375,49,14,25536,24,0.171875
2.0612779,0.0859375,50,2,25664,24,0.15625
2.1267734,0.0859375,50,4,25728,24,0.125
2.0241342,0.0859375,50,6,25792,24,0.21875
2.0532374,0.0859375,50,8,25856,24,0.09375
2.0689497,0.109375,50,10,25920,24,0.15625
2.0423079,0.109375,50,12,25984,24,0.140625
2.0534427,0.109375,50,14,26048,24,0.171875
2.083862,0.109375,51,2,26176,24,0.109375
2.0269628,0.109375,51,4,26240,24,0.21875
2.0565352,0.109375,51,6,26304,24,0.1875
2.0476289,0.109375,51,8,26368,24,0.140625
2.0533686,0.09375,51,10,26432,24,0.234375
2.0950942,0.1171875,51,12,26496,24,0.171875
2.0454435,0.1171875,51,14,26560,24,0.140625
2.059587,0.0859375,52,2,26688,24,0.15625
2.0326724,0.0859375,52,4,26752,24,0.15625
2.0622077,0.0859375,52,6,26816,24,0.1875
2.0644238,0.0859375,52,8,26880,24,0.25
2.0334058,0.1015625,52,10,26944,24,0.171875
2.0432076,0.109375,52,12,27008,24,0.125
2.086823,0.109375,52,14,27072,24,0.09375
2.0115519,0.109375,53,2,27200,24,0.203125
2.0660243,0.109375,53,4,27264,24,0.171875
2.040268,0.109375,53,6,27328,24,0.1875
2.066616,0.109375,53,8,27392,24,0.140625
2.0674338,0.109375,53,10,27456,24,0.21875
2.0379758,0.09375,53,12,27520,24,0.15625
2.0926888,0.140625,53,14,27584,24,0.125
2.055616,0.1328125,54,2,27712,24,0.171875
2.059537,0.1328125,54,4,27776,24,0.1875
2.0524502,0.1328125,54,6,27840,24,0.140625
2.0719829,0.1328125,54,8,27904,24,0.1875
2.0442693,0.1328125,54,10,27968,24,0.109375
2.0188744,0.1171875,54,12,28032,24,0.21875
2.0939603,0.125,54,14,28096,24,0.140625
2.0632677,0.125,55,2,28224,24,0.171875
2.0186734,0.109375,55,4,28288,24,0.21875
2.0725002,0.1171875,55,6,28352,24,0.125
2.0666118,0.1171875,55,8,28416,24,0.1875
2.084937,0.1171875,55,10,28480,24,0.09375
2.0527985,0.1171875,55,12,28544,24,0.125
2.0521073,0.109375,55,14,28608,24,0.15625
2.0505404,0.109375,56,2,28736,24,0.15625
2.0526593,0.1328125,56,4,28800,24,0.109375
2.0619893,0.125,56,6,28864,24,0.140625
2.0517855,0.1328125,56,8,28928,24,0.125
2.0612445,0.078125,56,10,28992,24,0.171875
2.0408812,0.078125,56,12,29056,24,0.1875
2.1181636,0.0703125,56,14,29120,24,0.078125
2.0431964,0.0703125,57,2,29248,24,0.203125
2.0150208,0.1328125,57,4,29312,24,0.15625
2.0716562,0.140625,57,6,29376,24,0.109375
2.037942,0.140625,57,8,29440,24,0.1875
2.0679388,0.140625,57,10,29504,24,0.1875
2.088663,0.140625,57,12,29568,24,0.125
2.0647144,0.140625,57,14,29632,24,0.140625
2.0313807,0.125,58,2,29760,24,0.21875
2.0379055,0.0859375,58,4,29824,24,0.1875
2.0897245,0.1171875,58,6,29888,24,0.140625
2.070895,0.1171875,58,8,29952,24,0.171875
2.0083365,0.078125,58,10,30016,24,0.15625
2.0505557,0.078125,58,12,30080,24,0.109375
2.1087296,0.078125,58,14,30144,24,0.09375
2.026608,0.1015625,59,2,30272,24,0.21875
2.059931,0.109375,59,4,30336,24,0.171875
2.0508938,0.1484375,59,6,30400,24,0.109375
2.0424852,0.1328125,59,8,30464,24,0.1875
2.06716,0.125,59,10,30528,24,0.140625
2.0573716,0.125,59,12,30592,24,0.171875
2.093409,0.125,59,14,30656,24,0.140625
2.1428385,0.125,0,2,64,24,0.15625
2.1508336,0.125,0,4,128,24,0.140625
2.1694403,0.1171875,0,6,192,24,0.140625
2.1077085,0.1171875,0,8,256,24,0.125
2.1202486,0.1171875,0,10,320,24,0.171875
2.1460645,0.1171875,0,12,384,24,0.09375
2.2459202,0.1171875,0,14,448,24,0.09375
2.1111188,0.109375,1,2,576,24,0.203125
2.1667178,0.1171875,1,4,640,24,0.09375
2.1230145,0.1171875,1,6,704,24,0.15625
2.1584454,0.125,1,8,768,24,0.09375
2.2671168,0.1328125,1,10,832,24,0.0625
2.1752217,0.140625,1,12,896,24,0.109375
2.1789517,0.15625,1,14,960,24,0.15625
2.1829443,0.109375,2,2,1088,24,0.109375
2.1848745,0.109375,2,4,1152,24,0.109375
2.094695,0.109375,2,6,1216,24,0.15625
2.148553,0.109375,2,8,1280,24,0.171875
2.108622,0.109375,2,10,1344,24,0.09375
2.146938,0.109375,2,12,1408,24,0.15625
2.1100605,0.1015625,2,14,1472,24,0.125
2.1518388,0.1015625,3,2,1600,24,0.140625
2.1033626,0.1015625,3,4,1664,24,0.1875
2.0758457,0.1015625,3,6,1728,24,0.1875
2.177044,0.09375,3,8,1792,24,0.0625
2.0647874,0.0859375,3,10,1856,24,0.109375
2.1285543,0.0859375,3,12,1920,24,0.09375
2.2016392,0.0859375,3,14,1984,24,0.109375
2.1562588,0.0859375,4,2,2112,24,0.09375
2.1427455,0.0859375,4,4,2176,24,0.140625
2.1603942,0.0859375,4,6,2240,24,0.0625
2.1616406,0.0859375,4,8,2304,24,0.109375
2.1461964,0.0859375,4,10,2368,24,0.109375
2.1165056,0.0859375,4,12,2432,24,0.140625
2.1084905,0.0859375,4,14,2496,24,0.140625
2.110926,0.0859375,5,2,2624,24,0.125
2.1280723,0.0859375,5,4,2688,24,0.140625
2.1509254,0.0859375,5,6,2752,24,0.09375
2.1079645,0.0859375,5,8,2816,24,0.125
2.1152632,0.09375,5,10,2880,24,0.046875
2.1601746,0.09375,5,12,2944,24,0.078125
2.0792522,0.09375,5,14,3008,24,0.109375
2.154803,0.1171875,6,2,3136,24,0.09375
2.096993,0.1171875,6,4,3200,24,0.140625
2.1080198,0.109375,6,6,3264,24,0.109375
2.1013885,0.09375,6,8,3328,24,0.15625
2.1684852,0.09375,6,10,3392,24,0.078125
2.1467443,0.09375,6,12,3456,24,0.078125
2.0557885,0.09375,6,14,3520,24,0.1875
2.123545,0.09375,7,2,3648,24,0.140625
2.1173196,0.09375,7,4,3712,24,0.078125
2.150622,0.09375,7,6,3776,24,0.15625
2.1393108,0.0859375,7,8,3840,24,0.0625
2.0616012,0.0859375,7,10,3904,24,0.15625
2.0972939,0.09375,7,12,3968,24,0.15625
2.073092,0.09375,7,14,4032,24,0.15625
2.0493402,0.078125,8,2,4160,24,0.171875
2.1201868,0.078125,8,4,4224,24,0.109375
2.073655,0.1015625,8,6,4288,24,0.0625
2.1139717,0.1015625,8,8,4352,24,0.125
2.1567383,0.1015625,8,10,4416,24,0.140625
2.090662,0.0703125,8,12,4480,24,0.140625
2.083888,0.0703125,8,14,4544,24,0.171875
2.0758872,0.0859375,9,2,4672,24,0.1875
2.0851412,0.0859375,9,4,4736,24,0.1875
2.0912657,0.09375,9,6,4800,24,0.15625
2.1135936,0.09375,9,8,4864,24,0.109375
2.0648365,0.09375,9,10,4928,24,0.15625
2.1316113,0.09375,9,12,4992,24,0.078125
2.1198738,0.1015625,9,14,5056,24,0.15625
2.1048803,0.1015625,10,2,5184,24,0.171875
2.0928202,0.1015625,10,4,5248,24,0.15625
2.1117048,0.1015625,10,6,5312,24,0.125
2.2234282,0.109375,10,8,5376,24,0.0625
2.050057,0.109375,10,10,5440,24,0.21875
2.0555072,0.109375,10,12,5504,24,0.0625
2.1041856,0.109375,10,14,5568,24,0.15625
2.0605159,0.109375,11,2,5696,24,0.109375
2.0692391,0.109375,11,4,5760,24,0.1875
2.0504565,0.109375,11,6,5824,24,0.203125
2.1093159,0.109375,11,8,5888,24,0.1875
2.1228883,0.1171875,11,10,5952,24,0.15625
2.0299206,0.1171875,11,12,6016,24,0.1875
2.077592,0.1171875,11,14,6080,24,0.203125
2.0758882,0.1015625,12,2,6208,24,0.125
2.049788,0.1015625,12,4,6272,24,0.15625
2.0959918,0.109375,12,6,6336,24,0.1875
2.1058645,0.1015625,12,8,6400,24,0.140625
2.1588569,0.1015625,12,10,6464,24,0.109375
2.1181831,0.1015625,12,12,6528,24,0.125
2.1030061,0.1015625,12,14,6592,24,0.140625
2.1033015,0.1015625,13,2,6720,24,0.078125
2.1681175,0.1015625,13,4,6784,24,0.078125
2.093936,0.1015625,13,6,6848,24,0.1875
2.101276,0.1015625,13,8,6912,24,0.1875
2.0868435,0.1015625,13,10,6976,24,0.0625
2.0660133,0.1015625,13,12,7040,24,0.171875
2.0948186,0.1015625,13,14,7104,24,0.125
2.0537245,0.1015625,14,2,7232,24,0.125
2.100511,0.109375,14,4,7296,24,0.125
2.1310046,0.109375,14,6,7360,24,0.125
2.1250777,0.109375,14,8,7424,24,0.15625
2.0937362,0.109375,14,10,7488,24,0.1875
2.0892198,0.109375,14,12,7552,24,0.125
2.0154023,0.109375,14,14,7616,24,0.1875
2.097241,0.1015625,15,2,7744,24,0.109375
2.126137,0.1015625,15,4,7808,24,0.140625
2.0695562,0.1015625,15,6,7872,24,0.1875
2.111832,0.1015625,15,8,7936,24,0.09375
2.0981832,0.1015625,15,10,8000,24,0.109375
2.1382408,0.1015625,15,12,8064,24,0.109375
2.0831301,0.1015625,15,14,8128,24,0.125
2.1130888,0.1015625,16,2,8256,24,0.15625
2.0796418,0.1015625,16,4,8320,24,0.140625
2.0559177,0.109375,16,6,8384,24,0.109375
2.0532174,0.109375,16,8,8448,24,0.171875
2.0841784,0.1015625,16,10,8512,24,0.203125
2.0891023,0.1015625,16,12,8576,24,0.125
2.084898,0.1015625,16,14,8640,24,0.15625
2.0757446,0.09375,17,2,8768,24,0.25
2.1411486,0.0703125,17,4,8832,24,0.09375
2.0453625,0.09375,17,6,8896,24,0.203125
2.083706,0.09375,17,8,8960,24,0.140625
2.0799088,0.09375,17,10,9024,24,0.203125
2.0418446,0.078125,17,12,9088,24,0.21875
2.0834086,0.09375,17,14,9152,24,0.171875
2.063044,0.078125,18,2,9280,24,0.140625
2.0850239,0.09375,18,4,9344,24,0.171875
2.116785,0.1015625,18,6,9408,24,0.140625
2.1108336,0.1015625,18,8,9472,24,0.171875
2.0391278,0.09375,18,10,9536,24,0.125
2.0659025,0.09375,18,12,9600,24,0.125
2.096071,0.1015625,18,14,9664,24,0.109375
2.1029625,0.09375,19,2,9792,24,0.09375
2.0865147,0.1015625,19,4,9856,24,0.09375
2.0484178,0.1015625,19,6,9920,24,0.109375
2.0941505,0.1015625,19,8,9984,24,0.09375
2.0642493,0.1015625,19,10,10048,24,0.15625
2.1212745,0.109375,19,12,10112,24,0.15625
2.0847902,0.09375,19,14,10176,24,0.125
2.0748477,0.1171875,20,2,10304,24,0.109375
2.0643191,0.1171875,20,4,10368,24,0.171875
2.0693183,0.109375,20,6,10432,24,0.15625
2.08528,0.109375,20,8,10496,24,0.140625
2.0606375,0.109375,20,10,10560,24,0.171875
2.1012201,0.109375,20,12,10624,24,0.171875
2.095073,0.109375,20,14,10688,24,0.15625
2.0636606,0.109375,21,2,10816,24,0.15625
2.0977364,0.109375,21,4,10880,24,0.109375
2.0693543,0.109375,21,6,10944,24,0.15625
2.0843978,0.109375,21,8,11008,24,0.125
2.1041086,0.109375,21,10,11072,24,0.078125
2.0314355,0.109375,21,12,11136,24,0.15625
2.0403483,0.1171875,21,14,11200,24,0.1875
2.0809424,0.109375,22,2,11328,24,0.15625
2.0798087,0.109375,22,4,11392,24,0.125
2.0623045,0.109375,22,6,11456,24,0.15625
2.0559464,0.109375,22,8,11520,24,0.140625
2.0688481,0.109375,22,10,11584,24,0.203125
2.079664,0.109375,22,12,11648,24,0.109375
